#Partida,,,,Ppto. Inicial,Ppto. Definitivo
1 0100.120.01.130.00 2021,,3.0,RETRIBUCIONES BASICAS,149885.46,149885.46
1 0100.120.01.132.00 2021,,13.0,RETRIBUCIONES BASICAS,322523.35,322523.35
1 0100.120.01.133.10 2021,,19.0,RETRIBUCIONES BASICAS,232405.52,232405.52
1 0100.121.99.130.00 2021,,4.0,COMPLEMENTOS VARIOS,282954.76,282954.76
1 0100.121.99.132.00 2021,,14.0,COMPLEMENTOS VARIOS,628380.75,628380.75
1 0100.121.99.133.10 2021,,20.0,COMPLEMENTOS VARIOS,421322.55,421322.55
1 0100.160.01.130.00 2021,,5.0,SEGURIDAD SOCIAL,146159.02,146159.02
1 0100.160.01.132.00 2021,,15.0,SEGURIDAD SOCIAL,350231.88,350231.88
1 0100.160.01.133.10 2021,,21.0,SEGURIDAD SOCIAL,247745.55,247745.55
1 0100.160.04.130.00 2021,,6.0,CUOTAS ELKARKIDETZA,11437.4,11437.4
1 0100.160.04.132.00 2021,,16.0,CUOTAS ELKARKIDETZA,16546.07,16546.07
1 0100.160.04.133.10 2021,,22.0,CUOTAS ELKARKIDETZA,9927.64,9927.64
1 0100.212.01.132.00 2021,,17.0,MAQUIN/INSTAL/UTILL.MANTTO.ALARMAS,5000.0,5000.0
1 0100.213.01.130.00 2021,,7.0,MATERIAL DE TRANSPORTE,10000.0,10000.0
1 0100.213.02.132.00 2021,,1542.0,RENTING VEHICULOS,35000.0,35000.0
1 0100.221.04.130.00 2021,,8.0,COMBUSTIBLES Y CARBURANTES,6000.0,6000.0
1 0100.221.05.130.00 2021,,9.0,VESTUARIO,35000.0,35000.0
1 0100.221.99.130.00 2021,,10.0,OTROS SUMINISTROS,8760.0,8760.0
1 0100.221.99.130.00 2020,,1837.0,OTROS SUMINISTROS,0.0,0.0
1 0100.224.02.130.00 2021,,11.0,DE VEHICULOS. SEGUROS,3000.0,3000.0
1 0100.226.99.132.00 2021,,1814.0,OTROS GASTOS DIVERSOS,1000.0,1000.0
1 0100.227.08.441.10 2021,,363.0,CONTRATOS TRANSPORTE,275000.0,275000.0
1 0100.227.99.133.10 2021,,24.0,OTROS TRABAJOS EXTERIORES. GRUA,125000.0,125000.0
1 0100.230.01.130.00 2021,,12.0,DIETAS/LOCOMOC/TRASLADO PERSONAL,675.0,675.0
1 0100.230.01.132.00 2021,,18.0,DIETAS/LOCOMOC/TRASLADO PERSONAL,752.5,752.5
1 0100.230.01.133.10 2021,,25.0,DIETAS/LOCOMOC/TRASLADO PERSONAL,752.5,752.5
1 0100.421.03.441.10 2021,,364.0,CONSORC.AUTORID.TERRITOR.TTE GIPUZKOA,18000.0,18000.0
1 0100.623.99.132.00 2021,,1816.0,EQUIPOS DE DEFENSA,20000.0,20000.0
1 0100.624.01.132.00 2020,,1838.0,MATERIAL DE TRANSPORTE,0.0,0.0
1 0100.625.01.130.00 2021,,1282.0,MOBILIARIO,1000.0,1000.0
1 0100.625.01.132.00 2021,,1815.0,MOBILIARIO,7000.0,7000.0
1 0100.626.01.130.00 2021,,43.0,OTR.EQUIPOS. SISTEMA COMUNIC.TEATRA,1000.0,1000.0
1 0200.120.01.151.00 2021,,32.0,RETRIBUCIONES BASICAS,149621.16,149621.16
1 0200.120.01.172.00 2021,,782.0,RETRIBUCIONES BASICAS,16505.52,16505.52
1 0200.121.99.151.00 2021,,33.0,COMPLEMENTOS VARIOS,259148.73,259148.73
1 0200.121.99.172.00 2021,,783.0,COMPLEMENTOS VARIOS,22431.4,22431.4
1 0200.160.01.151.00 2021,,35.0,SEGURIDAD SOCIAL,94521.83,94521.83
1 0200.160.01.172.00 2021,,784.0,SEGURIDAD SOCIAL,12644.99,12644.99
1 0200.160.04.151.00 2021,,36.0,CUOTAS ELKARKIDETZA,10350.02,10350.02
1 0200.160.04.172.00 2021,,983.0,CUOTAS ELKARKIDETZA,1478.55,1478.55
1 0200.201.01.152.20 2021,,1545.0,EDIFICIOS Y OTRAS CONSTRUCCIONES,6000.0,6000.0
1 0200.212.01.151.00 2021,,1817.0,"MAQUINARIA,INSTALACIONES Y UTILLAJE",15000.0,15000.0
1 0200.220.01.152.20 2021,,1546.0,ORDINARIO NO INVENTARIABLE,2000.0,2000.0
1 0200.221.01.152.20 2021,,1547.0,ENERGIA ELECTRICA. LOCAL TXONTA,2000.0,2000.0
1 0200.224.01.152.20 2021,,1235.0,SEGUROS,1500.0,1500.0
1 0200.226.99.151.00 2021,,38.0,OTROS GASTOS DIVERSOS. EJECUC.SUBSID.,150000.0,150000.0
1 0200.226.99.172.00 2021,,113.0,OTROS GASTOS DIVERSOS,12500.0,12500.0
1 0200.227.07.151.00 2021,,39.0,ESTUDIOS Y TRABAJOS TECNICOS,36000.0,36000.0
1 0200.227.07.151.00 2020,,1840.0,ESTUDIOS Y TRABAJOS TECNICOS,0.0,0.0
1 0200.227.07.151.00 2018,,1839.0,ESTUDIOS Y TRABAJOS TECNICOS,0.0,0.0
1 0200.227.07.172.00 2021,,114.0,ESTUD/TRAB.TECNIC.CONTR.CALID.SUEL.AZIT.,30000.0,30000.0
1 0200.227.07.172.00 2020,,1842.0,ESTUD/TRAB.TECNIC.CONTR.CALID.SUEL.AZIT.,0.0,0.0
1 0200.227.07.172.00 2019,,1841.0,ESTUD/TRAB.TECNIC.CONTR.CALID.SUEL.AZIT.,0.0,0.0
1 0200.227.90.151.00 2021,,40.0,TRABAJOS EXTERNOS. ESTUDIOS Y PROYECTOS,32000.0,32000.0
1 0200.227.90.151.00 2020,,1844.0,TRABAJOS EXTERNOS. ESTUDIOS Y PROYECTOS,0.0,0.0
1 0200.227.90.151.00 2019,,1843.0,TRABAJOS EXTERNOS. ESTUDIOS Y PROYECTOS,0.0,0.0
1 0200.227.90.172.00 2021,,1247.0,TRABAJOS EXTERIORES,6870.38,6870.38
1 0200.227.99.151.00 2021,,41.0,CONTRATOS EXTERNOS. MEDICIONES,1500.0,1500.0
1 0200.227.99.172.00 2021,,115.0,OTROS TRABAJOS EXTERIORES,60000.0,50925.0
1 0200.227.99.172.00 2020,,1845.0,OTROS TRABAJOS EXTERIORES,0.0,0.0
1 0200.230.01.151.00 2021,,42.0,DIETAS/LOCOMOC/TRASLADO PERSONAL,640.0,640.0
1 0200.230.01.172.00 2021,,986.0,"DIETAS, LOCOMOC. Y TRASLADO PERSONAL",35.0,35.0
1 0200.480.01.152.20 2021,,44.0,A FAMILIAS. MANTTO.ASCENSORES ZONALES,6000.0,6000.0
1 0200.480.01.152.30 2021,,569.0,A FAMILIAS,0.0,0.0
1 0200.480.01.152.30 2019,,1846.0,A FAMILIAS,0.0,0.0
1 0200.481.01.172.00 2021,,1216.0,A INSTITUCIONES SIN FINES DE LUCRO,0.0,0.0
1 0200.481.21.152.20 2021,,845.0,AYUDAS ASOCIAC.CUADRILLAS LOCALES,20000.0,20000.0
1 0200.481.21.152.20 2018,,1847.0,AYUDAS ASOCIAC.CUADRILLAS LOCALES,0.0,0.0
1 0200.481.35.152.20 2021,,1212.0,"A FAM. APOYO NUEV.ACT.ECON,EDIF.IND.EN",0.0,0.0
1 0200.600.04.151.00 2021,,1544.0,ADQUISICIONES DESTINADAS PATRIMONIO SUEL,250000.0,250000.0
1 0200.601.16.172.00 2021,,987.0,OBRAS VARIAS. MEDIO AMBIENTE,15000.0,15000.0
1 0200.601.16.172.00 2019,,1848.0,OBRAS VARIAS. MEDIO AMBIENTE,0.0,0.0
1 0200.625.02.172.00 2021,,2018.0,EQUIPOS MEDIDORES DEL AIRE,0.0,9075.0
1 0200.771.03.152.20 2021,,1213.0,A EMPRESAS. REHABILITACION DE FACHADAS,0.0,0.0
1 0200.771.05.152.20 2021,,1818.0,AYUDAS A LA DEMOLICION DE RUINAS INDUSTR,150000.0,150000.0
1 0200.780.02.152.20 2021,,45.0,A FAMILIAS. REHAB.FACHADAS/ASCENSORES,250000.0,250000.0
1 0200.780.02.152.20 2020,,1849.0,A FAMILIAS. REHAB.FACHADAS/ASCENSORES,0.0,0.0
1 0200.780.04.152.20 2021,,1239.0,A FAM. REHAB. EDIF. EN BARRIO TXONTA,0.0,0.0
1 0200.780.04.152.20 2018,,1850.0,A FAM. REHAB. EDIF. EN BARRIO TXONTA,0.0,0.0
1 0300.120.01.153.20 2021,,46.0,RETRIBUCIONES BASICAS,142515.68,142515.68
1 0300.121.99.153.20 2021,,47.0,COMPLEMENTOS VARIOS,240411.24,240411.24
1 0300.131.01.153.20 2021,,1279.0,LABORAL EVENTUAL,41938.96,41938.96
1 0300.160.01.153.20 2021,,48.0,SEGURIDAD SOCIAL,100712.04,100712.04
1 0300.160.04.153.20 2021,,49.0,CUOTAS ELKARKIDETZA,9338.04,9338.04
1 0300.230.01.153.20 2021,,50.0,DIETAS/LOCOMOC/TRASLADO PERSONAL,675.0,675.0
1 0300.601.07.153.20 2021,,51.0,ERREBAL,710000.0,710000.0
1 0300.601.07.153.20 2020,,1851.0,ERREBAL,0.0,0.0
1 0300.601.08.153.20 2021,,52.0,MEJORA ENTORNOS URBANOS-ACCESIBILIDAD,1360000.0,1360000.0
1 0300.601.08.153.20 2020,,1853.0,MEJORA ENTORNOS URBANOS-ACCESIBILIDAD,0.0,0.0
1 0300.601.08.153.20 2019,,1852.0,MEJORA ENTORNOS URBANOS-ACCESIBILIDAD,0.0,0.0
1 0300.601.14.153.20 2021,,54.0,OBRAS MENORES,150000.0,150000.0
1 0300.601.14.153.20 2020,,1855.0,OBRAS MENORES,0.0,0.0
1 0300.601.14.153.20 2019,,1854.0,OBRAS MENORES,0.0,0.0
1 0300.601.20.153.20 2021,,1285.0,OBRAS EN EDIFICIOS MUNICIPALES,200000.0,200000.0
1 0300.601.20.153.20 2020,,1856.0,OBRAS EN EDIFICIOS MUNICIPALES,0.0,0.0
1 0300.601.21.323.00 2021,,198.0,OBRAS MENORES EN CENTROS DE ENSEÑANZA,75000.0,75000.0
1 0300.601.21.323.00 2020,,1857.0,OBRAS MENORES EN CENTROS DE ENSEÑANZA,0.0,0.0
1 0300.601.23.153.20 2021,,55.0,ASFALTADOS,200000.0,200000.0
1 0300.601.28.153.20 2021,,1214.0,ACERAS,0.0,0.0
1 0300.601.37.454.00 2021,,369.0,INFRAESTRUCTURA RURAL,100000.0,100000.0
1 0300.601.37.454.00 2020,,1858.0,INFRAESTRUCTURA RURAL,0.0,0.0
1 0300.625.01.153.20 2021,,1548.0,MOBILIARIO,20000.0,20000.0
1 0300.643.01.153.20 2021,,56.0,INVESTIGACIONES/ESTUDIOS Y PROYECTOS,120000.0,120000.0
1 0300.643.01.153.20 2020,,1860.0,INVESTIGACIONES/ESTUDIOS Y PROYECTOS,0.0,0.0
1 0300.643.01.153.20 2019,,1859.0,INVESTIGACIONES/ESTUDIOS Y PROYECTOS,0.0,0.0
1 0400.120.01.153.40 2021,,61.0,RETRIBUCIONES BASICAS,75798.02,75798.02
1 0400.120.01.165.00 2021,,91.0,RETRIBUCIONES BASICAS,13993.92,13993.92
1 0400.121.99.153.40 2021,,62.0,COMPLEMENTOS VARIOS,156481.49,156481.49
1 0400.121.99.165.00 2021,,92.0,COMPLEMENTOS VARIOS,28037.16,28037.16
1 0400.130.03.153.40 2021,,63.0,REMUNERACIONES PERSONAL LABORAL FIJO,353561.75,353561.75
1 0400.130.03.165.00 2021,,580.0,REMUN.PERSONAL LABORAL FIJO,82766.57,82766.57
1 0400.130.03.171.00 2021,,102.0,REMUNERACIONES PERSONAL LABORAL FIJO,33007.05,33007.05
1 0400.130.03.323.00 2021,,188.0,REMUNERACIONES PERSONAL LABORAL FIJO,67264.34,67264.34
1 0400.130.03.920.40 2021,,433.0,REMUNERACIONES PERSONAL LABORAL FIJO,112017.32,112017.32
1 0400.131.01.153.40 2021,,64.0,LABORAL EVENTUAL,269847.04,269847.04
1 0400.131.01.164.00 2021,,82.0,LABORAL EVENTUAL,85076.54,85076.54
1 0400.131.01.165.00 2021,,1541.0,LABORAL EVENTUAL,0.0,0.0
1 0400.131.01.171.00 2021,,103.0,LABORAL EVENTUAL,170980.2,170980.2
1 0400.131.01.323.00 2021,,643.0,LABORAL EVENTUAL,78350.38,78350.38
1 0400.131.01.920.40 2021,,811.0,LABORAL EVENTUAL,23020.05,23020.05
1 0400.160.01.153.40 2021,,65.0,SEGURIDAD SOCIAL,303119.91,303119.91
1 0400.160.01.164.00 2021,,83.0,SEGURIDAD SOCIAL,31321.7,31321.7
1 0400.160.01.165.00 2021,,94.0,SEGURIDAD SOCIAL,44047.81,44047.81
1 0400.160.01.171.00 2021,,104.0,SEGURIDAD SOCIAL,78303.77,78303.77
1 0400.160.01.323.00 2021,,189.0,SEGURIDAD SOCIAL,51139.47,51139.47
1 0400.160.01.920.40 2021,,434.0,SEGURIDAD SOCIAL,46620.16,46620.16
1 0400.160.04.153.40 2021,,66.0,CUOTAS ELKARKIDETZA,18354.17,18354.17
1 0400.160.04.164.00 2021,,84.0,CUOTAS ELKARKIDETZA,1013.84,1013.84
1 0400.160.04.165.00 2021,,95.0,CUOTAS ELKARKIDETZA,3041.51,3041.51
1 0400.160.04.171.00 2021,,105.0,CUOTAS ELKARKIDETZA,2027.67,2027.67
1 0400.160.04.323.00 2021,,190.0,CUOTAS ELKARKIDETZA,4055.35,4055.35
1 0400.160.04.920.40 2021,,435.0,CUOTAS ELKARKIDETZA,4055.35,4055.35
1 0400.210.01.153.40 2021,,67.0,INFRAESTRUCTURA Y BIENES NATURALES,90000.0,90000.0
1 0400.210.01.153.40 2020,,1862.0,INFRAESTRUCTURA Y BIENES NATURALES,0.0,0.0
1 0400.210.01.153.40 2019,,1861.0,INFRAESTRUCTURA Y BIENES NATURALES,0.0,0.0
1 0400.210.01.454.00 2021,,367.0,INFRAESTRUCTURA Y BIENES NATURALES,68000.0,68000.0
1 0400.210.01.454.00 2020,,1863.0,INFRAESTRUCTURA Y BIENES NATURALES,0.0,0.0
1 0400.211.01.323.00 2021,,191.0,EDIFIC/OTRAS CONSTRUCCIONES. MANTTO.,121751.0,121751.0
1 0400.211.01.323.00 2020,,1864.0,EDIFIC/OTRAS CONSTRUCCIONES. MANTTO.,0.0,0.0
1 0400.211.01.333.10 2021,,226.0,EDIFICIOS Y OTRAS CONSTRUCCIONES,49741.92,49741.92
1 0400.211.01.333.20 2021,,233.0,EDIFICIOS Y OTRAS CONSTRUCCIONES,53936.0,53936.0
1 0400.211.01.333.20 2020,,1865.0,EDIFICIOS Y OTRAS CONSTRUCCIONES,0.0,0.0
1 0400.211.01.334.50 2021,,1751.0,EDIFICIOS Y OTRAS CONSTRUCCIONES,19000.0,19000.0
1 0400.211.01.920.40 2021,,436.0,EDIFICIOS Y OTRAS CONSTRUCCIONES,140088.25,140088.25
1 0400.211.01.920.40 2020,,1867.0,EDIFICIOS Y OTRAS CONSTRUCCIONES,0.0,0.0
1 0400.211.01.920.40 2019,,1866.0,EDIFICIOS Y OTRAS CONSTRUCCIONES,0.0,0.0
1 0400.212.01.134.00 2021,,28.0,MAQUINARIA/INSTALAC/UTILLAJE. MANTTO,529454.5,529454.5
1 0400.212.01.134.00 2020,,1868.0,MAQUINARIA/INSTALAC/UTILLAJE. MANTTO,0.0,0.0
1 0400.212.01.163.00 2021,,77.0,MAQUINARIA/INSTALAC/UTILLAJE,1000.0,1000.0
1 0400.212.01.164.00 2021,,85.0,MAQUIN/INSTAL/UTILLAJE.MANTTO,8000.0,8000.0
1 0400.212.01.164.00 2020,,1869.0,MAQUIN/INSTAL/UTILLAJE.MANTTO,0.0,0.0
1 0400.212.01.165.00 2021,,96.0,MAQUIN/INSTALAC/UTILLAJE.MANTTO,50000.0,50000.0
1 0400.212.01.165.00 2020,,1870.0,MAQUIN/INSTALAC/UTILLAJE.MANTTO,0.0,0.0
1 0400.212.01.171.00 2021,,106.0,MAQUINARIA/INSTALAC/UTILLAJE,7000.0,7000.0
1 0400.212.01.171.00 2020,,1871.0,MAQUINARIA/INSTALAC/UTILLAJE,0.0,0.0
1 0400.212.01.323.00 2021,,192.0,"MAQUINARIA, INSTALACIONES Y UTILLAJE",20129.21,20129.21
1 0400.212.01.323.00 2020,,1872.0,"MAQUINARIA, INSTALACIONES Y UTILLAJE",0.0,0.0
1 0400.212.01.333.10 2021,,787.0,"MAQUINARIA, INSTALACIONES Y UTILLAJE",10000.0,10000.0
1 0400.212.01.333.10 2020,,1873.0,"MAQUINARIA, INSTALACIONES Y UTILLAJE",0.0,0.0
1 0400.212.01.333.20 2021,,993.0,"MAQUINARIA, INSTALACIONES Y UTILLAJE",20000.0,20000.0
1 0400.212.01.333.20 2020,,1874.0,"MAQUINARIA, INSTALACIONES Y UTILLAJE",0.0,0.0
1 0400.212.01.334.50 2021,,1752.0,"MAQUINARIA, INSTALACIONES Y UTILLAJE",20000.0,20000.0
1 0400.212.01.920.40 2021,,437.0,"MAQUINARIA, INSTALACIONES Y UTILLAJE",30350.0,30350.0
1 0400.212.01.920.40 2020,,1875.0,"MAQUINARIA, INSTALACIONES Y UTILLAJE",0.0,0.0
1 0400.213.01.153.40 2021,,68.0,MATERIAL DE TRANSPORTE. MANTENIMIENTO,17000.0,17000.0
1 0400.213.01.153.40 2020,,1876.0,MATERIAL DE TRANSPORTE. MANTENIMIENTO,0.0,0.0
1 0400.221.01.134.00 2021,,29.0,ENERGIA ELECTRICA,65000.0,65000.0
1 0400.221.01.165.00 2021,,97.0,ENERGIA ELECTRICA,215000.0,215000.0
1 0400.221.01.323.00 2021,,193.0,ENERGIA ELECTRICA,87000.0,87000.0
1 0400.221.01.323.00 2020,,1877.0,ENERGIA ELECTRICA,0.0,0.0
1 0400.221.01.333.10 2021,,228.0,ENERGIA ELECTRICA,16000.0,16000.0
1 0400.221.01.333.20 2021,,234.0,ENERGIA ELECTRICA,47000.0,47000.0
1 0400.221.01.334.50 2021,,1753.0,ENERGIA ELECTRICA.,30000.0,30000.0
1 0400.221.01.920.40 2021,,438.0,ENERGIA ELECTRICA,65000.0,65000.0
1 0400.221.02.920.40 2021,,439.0,AGUA,78000.0,78000.0
1 0400.221.04.153.40 2021,,69.0,COMBUSTIBLES Y CARBURANTES VEHICULOS,22000.0,22000.0
1 0400.221.04.153.40 2020,,1878.0,COMBUSTIBLES Y CARBURANTES VEHICULOS,0.0,0.0
1 0400.221.04.163.00 2021,,78.0,COMBUSTIBLES Y CARBURANTES,3000.0,3000.0
1 0400.221.04.163.00 2020,,1879.0,COMBUSTIBLES Y CARBURANTES,0.0,0.0
1 0400.221.04.323.00 2021,,194.0,COMBUSTIBLES Y CARBURANTES,94000.0,94000.0
1 0400.221.04.323.00 2020,,1880.0,COMBUSTIBLES Y CARBURANTES,0.0,0.0
1 0400.221.04.333.10 2021,,229.0,COMBUSTIBLES Y CARBURANTES,13500.0,13500.0
1 0400.221.04.333.20 2021,,235.0,COMBUSTIBLES Y CARBURANTES,22000.0,22000.0
1 0400.221.04.334.50 2021,,1768.0,COMBUSTIBLES Y CARBURANTES,15000.0,15000.0
1 0400.221.04.920.40 2021,,440.0,COMBUSTIBLES Y CARBURANTES,27000.0,27000.0
1 0400.221.04.920.40 2020,,1881.0,COMBUSTIBLES Y CARBURANTES,0.0,0.0
1 0400.221.05.153.40 2021,,70.0,VESTUARIO,16000.0,16000.0
1 0400.221.05.153.40 2020,,1882.0,VESTUARIO,0.0,0.0
1 0400.221.05.164.00 2021,,86.0,VESTUARIO,1000.0,1000.0
1 0400.221.05.171.00 2021,,432.0,VESTUARIO,4500.0,4500.0
1 0400.221.05.323.00 2021,,195.0,VESTUARIO,1500.0,1500.0
1 0400.221.05.920.40 2021,,441.0,VESTUARIO,1500.0,1500.0
1 0400.221.09.920.40 2021,,442.0,PRODUCTOS DE LIMPIEZA Y ASEO,8500.0,8500.0
1 0400.221.96.153.30 2021,,58.0,MANTENIMIENTO URBANO,57221.76,57221.76
1 0400.221.96.153.30 2020,,1883.0,MANTENIMIENTO URBANO,0.0,0.0
1 0400.221.96.442.00 2021,,365.0,MANTENIMIENTO.MARQUESINAS,1500.0,1500.0
1 0400.221.99.133.20 2021,,26.0,OTROS SUM.(SEMAFOROS/SEÑALES/HITOS),23000.0,23000.0
1 0400.221.99.171.00 2021,,107.0,OTROS SUMINISTROS,61000.0,61000.0
1 0400.221.99.171.00 2020,,1884.0,OTROS SUMINISTROS,0.0,0.0
1 0400.222.01.920.40 2021,,443.0,TELEFONICAS,45000.0,45000.0
1 0400.222.01.920.40 2020,,1885.0,TELEFONICAS,0.0,0.0
1 0400.224.01.920.40 2021,,444.0,DE EDIFICIOS Y LOCALES.SEGUROS,65000.0,65000.0
1 0400.224.02.153.40 2021,,71.0,DE VEHICULOS. SEGUROS,7500.0,7500.0
1 0400.225.02.425.00 2021,,339.0,TRIBUTOS DEL TERRITORIO HISTORICO,3000.0,3000.0
1 0400.226.99.153.30 2021,,1787.0,"INDEMNIZACIONES, COMPENSACIONES TERCEROS",0.0,0.0
1 0400.226.99.153.40 2021,,72.0,"ENGANCHES/CONS.FESTEJ-FERIAS,ETC.",15000.0,15000.0
1 0400.226.99.153.40 2020,,1886.0,"ENGANCHES/CONS.FESTEJ-FERIAS,ETC.",0.0,0.0
1 0400.226.99.165.00 2021,,98.0,OTROS GTOS DIV.INSPECC.ORGAN.CONTROL,15000.0,15000.0
1 0400.226.99.165.00 2020,,1887.0,OTROS GTOS DIV.INSPECC.ORGAN.CONTROL,0.0,0.0
1 0400.226.99.171.00 2021,,108.0,OTR.GTOS DIV.DESBR.TALUDES/AJARDINAM.,60000.0,60000.0
1 0400.226.99.171.00 2020,,1888.0,OTR.GTOS DIV.DESBR.TALUDES/AJARDINAM.,0.0,0.0
1 0400.227.01.134.00 2021,,30.0,LIMPIEZA,184554.14,184554.14
1 0400.227.01.134.00 2019,,1889.0,LIMPIEZA,0.0,0.0
1 0400.227.01.153.30 2021,,59.0,LIMPIEZA,34131.41,34131.41
1 0400.227.01.163.00 2021,,79.0,LIMPIEZA,111130.0,111130.0
1 0400.227.01.163.00 2020,,1891.0,LIMPIEZA,0.0,0.0
1 0400.227.01.163.00 2019,,1890.0,LIMPIEZA,0.0,0.0
1 0400.227.01.164.00 2021,,87.0,LIMPIEZA. GESTION RESIDUOS,1500.0,1500.0
1 0400.227.01.164.00 2020,,1892.0,LIMPIEZA. GESTION RESIDUOS,0.0,0.0
1 0400.227.01.323.00 2021,,196.0,LIMPIEZA,806284.24,806284.24
1 0400.227.01.323.00 2020,,1893.0,LIMPIEZA,0.0,0.0
1 0400.227.01.333.20 2021,,236.0,LIMPIEZA,204549.63,204549.63
1 0400.227.01.333.20 2020,,1894.0,LIMPIEZA,0.0,0.0
1 0400.227.01.334.50 2021,,1754.0,LIMPIEZA,46200.0,46200.0
1 0400.227.01.442.00 2021,,366.0,LIMPIEZA. MARQUESINAS,5105.23,5105.23
1 0400.227.01.920.40 2021,,445.0,LIMPIEZA,75100.0,75100.0
1 0400.227.01.920.40 2020,,1895.0,LIMPIEZA,0.0,0.0
1 0400.227.99.133.20 2021,,27.0,OTROS TRABAJOS EXTERIORES,66176.1,66176.1
1 0400.227.99.133.20 2020,,1896.0,OTROS TRABAJOS EXTERIORES,0.0,0.0
1 0400.227.99.153.40 2021,,248.0,OTROS TRABAJOS EXTERIORES,10000.0,10000.0
1 0400.227.99.153.40 2020,,1897.0,OTROS TRABAJOS EXTERIORES,0.0,0.0
1 0400.227.99.311.70 2021,,187.0,OTR.TRAB.EXTER.DESRATIZ/ACTUAC.EXTRAORD.,19410.0,19410.0
1 0400.230.01.153.40 2021,,73.0,DIETAS/LOCOMOC/TRASLADO PERSONAL,910.0,910.0
1 0400.230.01.164.00 2021,,88.0,DIETAS/LOCOMOC/TRASLADO PERSONAL,140.0,140.0
1 0400.230.01.165.00 2021,,99.0,DIETAS/LOCOMOC/TRASLADO PERSONAL,105.0,105.0
1 0400.230.01.171.00 2021,,109.0,DIETAS/LOCOMOC/TRASLADO PERSONAL,245.0,245.0
1 0400.230.01.323.00 2021,,197.0,DIETAS/LOCOMOC/TRASLADO PERSONAL,210.0,210.0
1 0400.230.01.920.40 2021,,446.0,DIETAS/LOCOMOC/TRASLADO PERSONAL,175.0,175.0
1 0400.421.01.163.00 2021,,80.0,MANCOMUNIDAD,1616982.25,1616982.25
1 0400.422.01.454.00 2021,,368.0,DEBEMEN,41752.34,41752.34
1 0400.601.11.171.00 2021,,110.0,MEJORA FUENTES Y JARDINES,20000.0,20000.0
1 0400.601.14.920.40 2021,,1002.0,OBRAS MENORES,30000.0,30000.0
1 0400.601.14.920.40 2020,,1898.0,OBRAS MENORES,0.0,0.0
1 0400.601.33.164.00 2021,,428.0,OBRAS MEJORA CEMENTERIO,60000.0,60000.0
1 0400.601.33.164.00 2019,,1899.0,OBRAS MEJORA CEMENTERIO,0.0,0.0
1 0400.623.01.153.40 2021,,75.0,MAQUINARIA,5000.0,5000.0
1 0400.623.01.171.00 2021,,111.0,MAQUINARIA,5000.0,5000.0
1 0400.623.02.165.00 2021,,100.0,NUEVAS INSTALAC.ALUMBRADO PUBLICO,20000.0,20000.0
1 0400.624.01.153.40 2021,,1215.0,MATERIAL DE TRANSPORTE,0.0,0.0
1 0400.629.01.165.00 2021,,101.0,OTRAS INVERS.MEDID.AHORRO ENERG.ALUMBR.,30000.0,30000.0
1 0400.629.01.920.40 2021,,1003.0,OTRAS INVERSION. MEDIDAS DE AHORRO ENERG,1000.0,1000.0
1 0400.629.03.153.30 2021,,60.0,EQUIPAMIENTO URBANO,18000.0,18000.0
1 0500.120.01.230.10 2021,,119.0,RETRIBUCIONES BASICAS,186483.8,186483.8
1 0500.120.01.231.10 2021,,1051.0,RETRIBUCIONES BASICAS,11809.9,11809.9
1 0500.120.01.231.50 2021,,156.0,RETRIBUCIONES BASICAS,38820.19,38820.19
1 0500.120.01.231.70 2021,,168.0,RETRIBUCIONES BASICAS,10862.99,10862.99
1 0500.120.01.231.80 2021,,175.0,RETRIBUCIONES BASICAS,16829.03,16829.03
1 0500.121.99.230.10 2021,,120.0,COMPLEMENTOS VARIOS,266965.48,266965.48
1 0500.121.99.231.10 2021,,1052.0,COMPLEMENTOS VARIOS,19424.5,19424.5
1 0500.121.99.231.50 2021,,157.0,COMPLEMENTOS VARIOS,46705.04,46705.04
1 0500.121.99.231.70 2021,,169.0,COMPLEMENTOS VARIOS,16476.26,16476.26
1 0500.121.99.231.80 2021,,176.0,COMPLEMENTOS VARIOS,22254.99,22254.99
1 0500.130.03.231.10 2021,,140.0,REMUNERACIONES PERSONAL LABORAL FIJO,95350.24,95350.24
1 0500.131.01.230.10 2021,,121.0,LABORAL EVENTUAL,0.0,0.0
1 0500.131.01.231.10 2021,,141.0,LABORAL EVENTUAL,0.0,0.0
1 0500.160.01.230.10 2021,,122.0,SEGURIDAD SOCIAL,130967.51,130967.51
1 0500.160.01.231.10 2021,,142.0,SEGURIDAD SOCIAL,39495.33,39495.33
1 0500.160.01.231.50 2021,,158.0,SEGURIDAD SOCIAL,23188.76,23188.76
1 0500.160.01.231.70 2021,,170.0,SEGURIDAD SOCIAL,6070.95,6070.95
1 0500.160.01.231.80 2021,,177.0,SEGURIDAD SOCIAL,12726.6,12726.6
1 0500.160.04.230.10 2021,,123.0,CUOTAS ELKARKIDETZA,11161.84,11161.84
1 0500.160.04.231.10 2021,,143.0,CUOTAS ELKARKIDETZA,3506.23,3506.23
1 0500.160.04.231.50 2021,,159.0,CUOTAS ELKARKIDETZA,1478.55,1478.55
1 0500.160.04.231.70 2021,,171.0,CUOTAS ELKARKIDETZA,739.28,739.28
1 0500.160.04.231.80 2021,,1246.0,CUOTAS ELKARKIDETZA,1478.55,1478.55
1 0500.201.01.231.40 2021,,150.0,EDIFICIOS Y OTRAS CONSTRUCCIONES,15000.0,15000.0
1 0500.201.01.337.10 2021,,310.0,EDIFICIOS Y OTRAS CONSTRUCCIONES,3800.0,3800.0
1 0500.211.01.231.40 2021,,151.0,EDIFICIOS Y OTRAS CONSTRUCCIONES,8000.0,8000.0
1 0500.211.01.231.90 2021,,1776.0,EDIFICIOS Y OTRAS CONSTRUCCIONES,57553.31,57553.31
1 0500.211.01.337.10 2021,,311.0,EDIFIC/OTRAS CONSTRUCC.MANTTO.HOG.JUBIL.,20000.0,20000.0
1 0500.221.01.231.40 2021,,152.0,ENERGIA ELECTRICA,6500.0,6500.0
1 0500.221.01.337.10 2021,,312.0,ENERGIA ELECTRICA,25029.0,25029.0
1 0500.221.04.231.40 2021,,153.0,COMBUSTIBLES Y CARBURANTES,500.0,500.0
1 0500.221.04.337.10 2021,,313.0,COMBUSTIBLES Y CARBURANTES,16480.0,16480.0
1 0500.221.05.231.10 2021,,144.0,VESTUARIO,500.0,500.0
1 0500.221.90.231.50 2021,,1739.0,OTROS SUMINISTROS.ANDREETXE BERRIA,21250.0,21250.0
1 0500.221.99.231.50 2021,,160.0,OTROS SUMINISTROS.PISO MUJER,2550.0,2550.0
1 0500.226.02.230.20 2021,,135.0,DONATIVOS DESASTRES NATURALES,6000.0,6000.0
1 0500.226.04.230.10 2021,,37.0,JURIDICOS,500.0,500.0
1 0500.226.04.337.10 2021,,1760.0,JURIDICOS,1500.0,1500.0
1 0500.226.56.230.10 2021,,1775.0,OTROS GASTOS.MASCARILLAS,25000.0,25000.0
1 0500.226.56.230.10 2020,,1900.0,GASTOS COVI-19,0.0,0.0
1 0500.226.57.230.10 2021,,1505.0,ARRAGUETA GASTOS IMPREVISTOS,0.0,0.0
1 0500.226.58.230.10 2021,,124.0,OTROS GASTOS DIVERSOS TRANSEUNTES,5060.0,5060.0
1 0500.226.58.230.10 2020,,1901.0,OTROS GASTOS DIVERSOS TRANSEUNTES,0.0,0.0
1 0500.226.64.231.60 2021,,165.0,INTERV.GLOB.C/COLECT.DIFICULT.INTEGRAC.,50400.0,50400.0
1 0500.226.68.230.10 2021,,125.0,ALOJAMIENTOS DE URGENCIA,0.0,0.0
1 0500.226.69.230.10 2021,,126.0,GASTOS IMPREVISTOS,13000.0,23000.0
1 0500.226.90.337.10 2021,,1831.0,APOYO/SEGUIMIENTO A PERSONAS MAYORES,50000.0,50000.0
1 0500.226.96.230.10 2021,,128.0,DIAGNOST/PLAN INTERV.PERS.MAYORES,0.0,0.0
1 0500.226.96.337.10 2021,,1761.0,O.GASTOS.DIV.DIAG.PLAN INTERV. A PER.MAY,18000.0,18000.0
1 0500.226.99.230.10 2021,,129.0,OTR.GTOS DIV.SEGUIMIENTO PERSON.MAYORES,0.0,0.0
1 0500.226.99.230.11 2021,,1734.0,OTROS GASTOS DIVERSOS,5000.0,5000.0
1 0500.226.99.230.20 2021,,1737.0,OTROS GASTOS DIVERSOS,3000.0,3000.0
1 0500.226.99.230.20 2020,,1902.0,OTROS GASTOS DIVERSOS,0.0,0.0
1 0500.226.99.231.50 2021,,161.0,OTROS GASTOS DIVERSOS,86700.0,86700.0
1 0500.226.99.231.50 2020,,1903.0,OTROS GASTOS DIVERSOS,0.0,0.0
1 0500.226.99.231.60 2021,,1219.0,OTROS GASTOS DIVERSOS,20000.0,20000.0
1 0500.226.99.231.60 2020,,1904.0,OTROS GASTOS DIVERSOS,0.0,0.0
1 0500.226.99.231.70 2021,,172.0,OTROS GASTOS DIVERSOS,28000.0,28000.0
1 0500.226.99.231.70 2020,,1905.0,OTROS GASTOS DIVERSOS,0.0,0.0
1 0500.226.99.231.80 2021,,178.0,OTROS GASTOS DIVERSOS,45000.0,45000.0
1 0500.226.99.231.80 2020,,1906.0,OTROS GASTOS DIVERSOS,0.0,0.0
1 0500.226.99.337.10 2021,,1762.0,OTROS GASTOS DIVERSOS.PRODUCTOS APOYO,10000.0,10000.0
1 0500.226.99.337.10 2020,,1907.0,OTROS GASTOS DIVERSOS.PRODUCTOS APOYO,0.0,0.0
1 0500.227.01.231.40 2021,,154.0,LIMPIEZA,100.0,100.0
1 0500.227.04.231.60 2021,,166.0,CONTRATOS SOCIO-CULTURALES.MEDIO ABIERTO,197500.0,197500.0
1 0500.227.04.337.10 2021,,1250.0,ACTIVIDADES DE INTEGRACION SOCIAL,0.0,0.0
1 0500.227.07.231.50 2021,,572.0,ESTUDIOS Y TRABAJOS TECNICOS,9000.0,9000.0
1 0500.227.07.231.50 2020,,1908.0,ESTUDIOS Y TRABAJOS TECNICOS,0.0,0.0
1 0500.227.90.231.10 2021,,145.0,TRABAJOS EXTERNOS,900000.0,900000.0
1 0500.227.90.231.10 2020,,1909.0,TRABAJOS EXTERNOS,0.0,0.0
1 0500.227.99.230.10 2021,,130.0,OTROS TRABAJOS EXTERIORES,515.0,515.0
1 0500.227.99.230.11 2021,,1735.0,OTROS TRABAJOS EXTERIORES,0.0,0.0
1 0500.227.99.230.20 2021,,136.0,OTROS TRABAJOS EXTERIORES,6000.0,6000.0
1 0500.227.99.230.20 2020,,1910.0,OTROS TRABAJOS EXTERIORES,0.0,0.0
1 0500.227.99.231.40 2021,,155.0,OTR.TRAB.EXTER.SERV.SOCIOED.PISO 3ª EDAD,0.0,0.0
1 0500.227.99.231.50 2021,,162.0,OTROS TRABAJOS EXTERIORES,412.0,412.0
1 0500.230.01.230.10 2021,,131.0,DIETAS/LOCOMOC/TRASLADO PERSONAL,1140.0,1140.0
1 0500.230.01.231.10 2021,,146.0,DIETAS/LOCOMOC/TRASLADO PERSONAL,140.0,140.0
1 0500.230.01.231.50 2021,,163.0,DIETAS/LOCOMOC/TRASLADO PERSONAL,70.0,70.0
1 0500.230.01.231.70 2021,,173.0,DIETAS/LOCOMOC/TRASLADO PERSONAL,35.0,35.0
1 0500.230.01.231.80 2021,,179.0,DIETAS/LOCOMOC/TRASLADO PERSONAL,35.0,35.0
1 0500.422.03.230.10 2021,,1217.0,TRANSF. A OTROS MUNICIPIOS DE GIPUZKOA,0.0,0.0
1 0500.422.03.230.11 2021,,1736.0,TRANSF.OTROS MUNICIPIOS DE GIPUZKOA,20000.0,20000.0
1 0500.431.03.231.90 2021,,180.0,O.A.A. RESIDENCIA DE ANCIANOS SAN ANDRES,0.0,0.0
1 0500.480.01.230.20 2021,,137.0,A FAMILIAS.ELKARTASUN BEKAK,3000.0,3000.0
1 0500.480.01.230.20 2020,,1911.0,A FAMILIAS.ELKARTASUN BEKAK,0.0,0.0
1 0500.480.02.231.60 2021,,587.0,A FAM. TRANSPORTE CENTR.INCLUSION SOCIAL,1000.0,1000.0
1 0500.480.03.231.30 2021,,148.0,A FAMILIAS.A.E.S.,700000.0,700000.0
1 0500.480.03.231.30 2020,,1913.0,A FAMILIAS.A.E.S.,0.0,0.0
1 0500.480.03.231.30 2019,,1912.0,A FAMILIAS.A.E.S.,0.0,0.0
1 0500.480.04.231.70 2021,,174.0,A FAMILIAS. DROGADICCION,2500.0,2500.0
1 0500.480.04.231.70 2020,,1915.0,A FAMILIAS. DROGADICCION,0.0,0.0
1 0500.480.04.231.70 2018,,1914.0,A FAMILIAS. DROGADICCION,0.0,0.0
1 0500.480.12.231.30 2021,,1819.0,A FAMILIAS. ESCOLARES PLUS,62500.0,62500.0
1 0500.480.14.231.30 2021,,1820.0,A FAMILIAS AYUDAS A ESTUDIANTES PLUS,62500.0,62500.0
1 0500.480.16.231.30 2021,,149.0,SUBV.DESEMPL/PENSION.ESCAS.RECURSOS,146800.0,146800.0
1 0500.480.16.231.30 2020,,1916.0,SUBV.DESEMPL/PENSION.ESCAS.RECURSOS,0.0,0.0
1 0500.480.19.231.30 2021,,571.0,A FAMIL.COBR.RGI ACT.EXTRAES.HIJOS,20000.0,20000.0
1 0500.480.19.231.30 2020,,1917.0,A FAMIL.COBR.RGI ACT.EXTRAES.HIJOS,0.0,0.0
1 0500.481.01.230.10 2021,,133.0,A INSTITUCIONES SIN FINES DE LUCRO,40000.0,40000.0
1 0500.481.01.230.10 2020,,1919.0,A INSTITUCIONES SIN FINES DE LUCRO,0.0,0.0
1 0500.481.01.230.10 2019,,1918.0,A INSTITUCIONES SIN FINES DE LUCRO,0.0,0.0
1 0500.481.01.231.50 2021,,164.0,A INSTITUCIONES SIN FINES DE LUCRO,8500.0,8500.0
1 0500.481.01.231.50 2020,,1920.0,A INSTITUCIONES SIN FINES DE LUCRO,0.0,0.0
1 0500.481.02.230.10 2021,,134.0,TRANSF.A ENTID.CONV.COLAB.BIZTU,0.0,0.0
1 0500.481.02.231.50 2021,,1784.0,TRANSFERENCIAS A ENTIDADES,0.0,0.0
1 0500.481.02.337.10 2021,,1763.0,"TRANS.A ENTIDADES CONVENIOS COLAB,BIZTU",3850.0,3850.0
1 0500.481.02.337.10 2020,,1921.0,"TRANS.A ENTIDADES CONVENIOS COLAB,BIZTU",0.0,0.0
1 0500.481.07.337.10 2021,,314.0,A INSTITUC.S/FINES LUCRO.HOG.JUBILADOS,49750.0,49750.0
1 0500.481.07.337.10 2020,,1922.0,A INSTITUC.S/FINES LUCRO.HOG.JUBILADOS,0.0,0.0
1 0500.481.08.230.20 2021,,138.0,TRANSF.A ENTID.COOP.INTERN.AL DESARROLLO,375753.65,375753.65
1 0500.481.08.230.20 2020,,1924.0,TRANSF.A ENTID.COOP.INTERN.AL DESARROLLO,0.0,0.0
1 0500.481.08.230.20 2019,,1923.0,TRANSF.A ENTID.COOP.INTERN.AL DESARROLLO,0.0,0.0
1 0500.481.14.230.20 2021,,1738.0,TRANSFERENCAS A ENTIDADES EIBAR-SAHARA,4400.0,4400.0
1 0500.481.14.231.80 2021,,816.0,TRANSFER ENTIDAD.EIBAR SAHARA ELKARTEA,0.0,0.0
1 0500.481.29.230.20 2021,,139.0,TRANSF.A ENTID.PROG.SENSIBILIZ.,25000.0,25000.0
1 0500.481.29.230.20 2020,,1926.0,TRANSF.A ENTID.PROG.SENSIBILIZ.,0.0,0.0
1 0500.481.29.230.20 2019,,1925.0,TRANSF.A ENTID.PROG.SENSIBILIZ.,0.0,0.0
1 0500.481.30.230.10 2021,,990.0,TRANSF.A LA CRUZ ROJA. BANCO DE ALIMENTO,80000.0,70000.0
1 0500.481.30.230.10 2020,,1927.0,TRANSF.A LA CRUZ ROJA. BANCO DE ALIMENTO,0.0,0.0
1 0500.622.01.231.40 2021,,1287.0,ADQUISION DE PATRIMONIO.VIVIENDAS TUTELA,0.0,0.0
1 0500.625.01.230.10 2021,,1501.0,MOBILIARIO,0.0,0.0
1 0500.625.01.231.40 2021,,1821.0,MOBILIARIO,5000.0,5000.0
1 0500.731.01.231.90 2021,,1740.0,ORGANISMOS AUTONOMOS,0.0,0.0
1 0600.226.99.324.10 2021,,199.0,OTROS GASTOS DIVERSOS,90000.0,90000.0
1 0600.226.99.324.10 2020,,1928.0,OTROS GASTOS DIVERSOS,0.0,0.0
1 0600.227.99.324.10 2021,,200.0,OTROS TRABAJOS EXTERIORES,311542.41,311542.41
1 0600.481.23.326.20 2021,,202.0,A VARIAS INSTITUC.S/FINES LUCRO,100.0,100.0
1 0600.626.01.324.10 2021,,1788.0,EQUIPOS PARA PROCESO DE INFORMACION,0.0,0.0
1 0700.120.01.326.10 2021,,1531.0,RETRIBUCIONES BASICAS,10477.27,10477.27
1 0700.120.01.330.00 2021,,203.0,RETRIBUCIONES BASICAS,63370.35,63370.35
1 0700.120.01.332.10 2021,,211.0,RETRIBUCIONES BASICAS,77030.05,77030.05
1 0700.120.01.333.30 2021,,237.0,RETRIBUCIONES BASICAS,17137.89,17137.89
1 0700.120.01.334.30 2021,,265.0,RETRIBUCIONES BASICAS,6648.24,6648.24
1 0700.121.99.326.10 2021,,1532.0,COMPLEMENTOS VARIOS,20989.34,20989.34
1 0700.121.99.330.00 2021,,204.0,COMPLEMENTOS VARIOS,120316.35,120316.35
1 0700.121.99.332.10 2021,,212.0,COMPLEMENTOS VARIOS,140855.51,140855.51
1 0700.121.99.333.30 2021,,238.0,COMPLEMENTOS VARIOS,32041.16,32041.16
1 0700.121.99.334.30 2021,,266.0,COMPLEMENTOS VARIOS,9752.75,9752.75
1 0700.130.03.326.10 2021,,1533.0,REMUNERACIONES PERSONAL LABORAL FIJO,244843.57,244843.57
1 0700.130.03.334.30 2021,,267.0,REMUNERACIONES PERSONAL LABORAL FIJO,20742.8,20742.8
1 0700.131.01.326.10 2021,,1534.0,LABORAL EVENTUAL,97562.51,97562.51
1 0700.131.01.333.30 2021,,803.0,LABORAL EVENTUAL,0.0,0.0
1 0700.131.01.334.30 2021,,268.0,LABORAL EVENTUAL,36326.7,36326.7
1 0700.160.01.326.10 2021,,1535.0,SEGURIDAD SOCIAL,120580.18,120580.18
1 0700.160.01.330.00 2021,,205.0,SEGURIDAD SOCIAL,45923.22,45923.22
1 0700.160.01.332.10 2021,,214.0,SEGURIDAD SOCIAL,57852.63,57852.63
1 0700.160.01.333.30 2021,,239.0,SEGURIDAD SOCIAL,12665.21,12665.21
1 0700.160.01.334.30 2021,,269.0,SEGURIDAD SOCIAL,23714.37,23714.37
1 0700.160.04.326.10 2021,,1536.0,ELKARKIDETZA,6636.0,6636.0
1 0700.160.04.330.00 2021,,206.0,CUOTAS ELKARKIDETZA,4701.58,4701.58
1 0700.160.04.332.10 2021,,215.0,CUOTAS ELKARKIDETZA,5260.27,5260.27
1 0700.160.04.333.30 2021,,240.0,CUOTAS ELKARKIDETZA,1212.92,1212.92
1 0700.160.04.334.30 2021,,270.0,CUOTAS ELKARKIDETZA,2027.67,2027.67
1 0700.201.01.330.00 2021,,207.0,EDIFICIOS Y OTRAS CONSTRUCCIONES,1000.0,1000.0
1 0700.201.01.337.20 2021,,315.0,EDIFICIOS Y OTRAS CONSTRUCCIONES,2000.0,2000.0
1 0700.202.01.334.40 2021,,279.0,"MAQUINARIA, INSTALACIONES Y UTILLAJE",1500.0,1500.0
1 0700.212.01.332.10 2021,,216.0,"MAQUINARIA, INSTALACIONES Y UTILLAJE",4150.0,4150.0
1 0700.212.01.337.20 2021,,316.0,"MAQUINARIA, INSTALACIONES Y UTILLAJE",721.0,721.0
1 0700.215.02.333.10 2021,,227.0,MANTENIMIENTO DE APLICACIONES,6100.0,6100.0
1 0700.215.02.333.10 2020,,1929.0,MANTENIMIENTO DE APLICACIONES,0.0,0.0
1 0700.215.02.334.50 2021,,1755.0,MANTENIMIENTO DE APLICACIONES,100.0,100.0
1 0700.219.01.333.30 2021,,241.0,OTROS MANTENIMIENTOS,8000.0,8000.0
1 0700.219.01.333.30 2020,,1930.0,OTROS MANTENIMIENTOS,0.0,0.0
1 0700.219.01.334.50 2021,,1756.0,OTROS MANTENIMIENTOS,0.0,0.0
1 0700.220.01.333.30 2021,,242.0,ORDINARIO NO INVENTARIABLE,8000.0,8000.0
1 0700.220.01.333.30 2020,,1931.0,ORDINARIO NO INVENTARIABLE,0.0,0.0
1 0700.220.02.332.10 2021,,217.0,PRENSA/REVISTAS/LIBROS/OTRAS PUBLIC.,30000.0,30000.0
1 0700.220.02.332.10 2020,,1932.0,PRENSA/REVISTAS/LIBROS/OTRAS PUBLIC.,0.0,0.0
1 0700.221.09.333.10 2021,,230.0,PRODUCTOS DE LIMPIEZA Y ASEO,2000.0,2000.0
1 0700.221.91.326.10 2021,,1825.0,MATERIAL ESPECIFICO COVID-19,2000.0,2000.0
1 0700.221.91.333.10 2021,,1824.0,MATERIAL ESPECIFICO COVID-19,3000.0,3000.0
1 0700.221.91.333.20 2021,,1836.0,MATERIAL ESPECIFICO COVID-19,5000.0,5000.0
1 0700.221.91.334.50 2021,,1826.0,OTROS SUMINISTROS COVID-19,5000.0,5000.0
1 0700.221.91.338.00 2021,,1785.0,OTROS SUMINISTROS COVID-19,0.0,0.0
1 0700.221.99.326.10 2021,,1741.0,OTROS SUMINISTROS,5725.0,5725.0
1 0700.221.99.332.10 2021,,218.0,OTROS SUMINISTROS,8000.0,8000.0
1 0700.221.99.332.10 2020,,1933.0,OTROS SUMINISTROS,0.0,0.0
1 0700.221.99.333.10 2021,,231.0,OTROS SUMINISTROS,5000.0,5000.0
1 0700.221.99.334.30 2021,,271.0,OTROS SUMINISTROS,5000.0,5000.0
1 0700.221.99.334.30 2020,,1934.0,OTROS SUMINISTROS,0.0,0.0
1 0700.221.99.334.50 2021,,1757.0,OTROS SUMINISTROS,5000.0,5000.0
1 0700.221.99.338.00 2021,,324.0,OTROS SUMINISTROS,120000.0,120000.0
1 0700.221.99.338.00 2020,,1935.0,OTROS SUMINISTROS,0.0,0.0
1 0700.224.99.326.10 2021,,1742.0,OTROS RIESGOS,4000.0,4000.0
1 0700.224.99.334.30 2021,,272.0,OTROS RIESGOS.SEGURO ALUMNOS,3090.0,3090.0
1 0700.226.01.326.10 2021,,1743.0,CANONES,900.0,900.0
1 0700.226.01.332.10 2021,,1748.0,CANONES,500.0,500.0
1 0700.226.01.334.10 2021,,249.0,CANONES,4000.0,4000.0
1 0700.226.01.334.10 2019,,1936.0,CANONES,0.0,0.0
1 0700.226.01.334.21 2021,,256.0,CANONES,6500.0,6500.0
1 0700.226.01.334.21 2020,,1937.0,CANONES,0.0,0.0
1 0700.226.01.334.22 2021,,261.0,CANONES,8000.0,8000.0
1 0700.226.01.334.40 2021,,280.0,CANONES,3000.0,3000.0
1 0700.226.01.338.00 2021,,325.0,CANONES S.G.A.E.,5000.0,5000.0
1 0700.226.01.338.00 2020,,1938.0,CANONES S.G.A.E.,0.0,0.0
1 0700.226.02.326.10 2021,,1744.0,ATT.PROTOCOLARIAS/REPRESENTATIVAS,824.0,824.0
1 0700.226.02.332.10 2021,,219.0,ATENCIONES PROTOCOL/REPRESENTATIVAS,500.0,500.0
1 0700.226.02.334.22 2021,,1293.0,ATENCIONES PROTOCOLARIAS Y REPRESENTATIV,1500.0,1500.0
1 0700.226.02.338.00 2021,,326.0,ATENCIONES PROTOCOL/REPRESENTATIVAS,6500.0,6500.0
1 0700.226.03.330.00 2021,,208.0,"PUBLICACIONES, PUBLICIDAD Y PROPAGANDA",31267.4,31267.4
1 0700.226.03.332.10 2021,,220.0,"PUBLICACIONES, PUBLICIDAD Y PROPAGANDA",500.0,500.0
1 0700.226.03.333.30 2021,,243.0,"PUBLICACIONES, PUBLICIDAD Y PROPAGANDA",6000.0,6000.0
1 0700.226.03.334.10 2021,,250.0,"PUBLICACIONES, PUBLICIDAD Y PROPAGANDA",3000.0,3000.0
1 0700.226.03.334.21 2021,,257.0,"PUBLICACIONES, PUBLICIDAD Y PROPAGANDA",3800.0,3800.0
1 0700.226.03.334.22 2021,,262.0,"PUBLICACIONES, PUBLICIDAD Y PROPAGANDA",15000.0,15000.0
1 0700.226.03.334.22 2020,,1939.0,"PUBLICACIONES, PUBLICIDAD Y PROPAGANDA",0.0,0.0
1 0700.226.03.334.30 2021,,273.0,"PUBLICACIONES, PUBLICIDAD Y PROPAGANDA",1000.0,1000.0
1 0700.226.03.334.30 2020,,1940.0,"PUBLICACIONES, PUBLICIDAD Y PROPAGANDA",0.0,0.0
1 0700.226.03.334.40 2021,,281.0,"PUBLICACIONES, PUBLICIDAD Y PROPAGANDA",12000.0,12000.0
1 0700.226.03.338.00 2021,,327.0,"PUBLICACIONES, PUBLICIDAD Y PROPAGANDA",5000.0,5000.0
1 0700.226.04.334.30 2021,,1772.0,JURIDICOS.INDEMNIZACIONES,0.0,0.0
1 0700.226.04.337.20 2021,,1773.0,JURIDICOS.INDEMNIZACIONES,0.0,0.0
1 0700.226.05.332.10 2021,,221.0,REUNIONES Y CONFERENCIAS,2600.0,2600.0
1 0700.226.05.333.30 2021,,244.0,REUNIONES Y CONFERENCIAS,1000.0,1000.0
1 0700.226.05.334.30 2021,,274.0,REUNIONES Y CONFERENCIAS,10600.0,10600.0
1 0700.226.06.334.30 2021,,275.0,ACTIVIDADES SOCIO-CULTURALES,500.0,500.0
1 0700.226.06.337.20 2021,,317.0,ACTIVIDADES SOCIO-CULTURALES,18860.0,18860.0
1 0700.226.06.337.20 2020,,1941.0,ACTIVIDADES SOCIO-CULTURALES,0.0,0.0
1 0700.226.06.338.00 2021,,328.0,ACTIVIDADES SOCIO-CULTURALES,120000.0,120000.0
1 0700.226.06.338.00 2020,,1942.0,ACTIVIDADES SOCIO-CULTURALES,0.0,0.0
1 0700.226.81.337.20 2021,,318.0,OTROS GASTOS DIV.OFICINA INFORM.JUVENIL,2000.0,2000.0
1 0700.226.92.337.20 2021,,319.0,GASTOS ALBERGUE.COLONIA ARRATE,12000.0,12000.0
1 0700.226.99.333.30 2021,,488.0,CENTRO INTERPR.GUERRA CIVIL EN EIBAR,5000.0,5000.0
1 0700.226.99.337.20 2018,,1943.0,OTROS GASTOS DIVERSOS,0.0,0.0
1 0700.227.04.332.10 2021,,222.0,CONTRATOS SOCIO-CULTURALES,21680.0,21680.0
1 0700.227.04.334.10 2021,,251.0,CONTRATOS SOCIO-CULTURALES,45000.0,45000.0
1 0700.227.04.334.10 2020,,1944.0,CONTRATOS SOCIO-CULTURALES,0.0,0.0
1 0700.227.04.334.21 2021,,258.0,CONTRATOS SOCIO-CULTURALES,45000.0,45000.0
1 0700.227.04.334.21 2020,,1945.0,CONTRATOS SOCIO-CULTURALES,0.0,0.0
1 0700.227.04.334.22 2021,,263.0,CONTRATOS SOCIO-CULTURALES,150000.0,150000.0
1 0700.227.04.334.30 2021,,276.0,CONTRATOS SOCIO-CULTURALES,8775.0,8775.0
1 0700.227.04.334.40 2021,,282.0,CONTRATOS SOCIO-CULTURALES,0.0,0.0
1 0700.227.04.334.40 2020,,1946.0,CONTRATOS SOCIO-CULTURALES,0.0,0.0
1 0700.227.04.334.50 2021,,1758.0,CONTRATOS SOCIO-CULTURALES,50000.0,50000.0
1 0700.227.04.337.20 2021,,321.0,CONTRATOS SOCIO-CULTURALES,3605.0,3605.0
1 0700.227.04.337.20 2020,,1947.0,CONTRATOS SOCIO-CULTURALES,0.0,0.0
1 0700.227.04.338.00 2021,,329.0,CONTRATOS SOCIO-CULTURALES,200000.0,200000.0
1 0700.227.07.337.20 2021,,1221.0,ESTUDIOS Y TRABAJOS TECNICOS,0.0,0.0
1 0700.227.90.333.10 2021,,232.0,TRABAJOS EXTERNOS,223850.0,223850.0
1 0700.227.90.333.10 2020,,1948.0,TRABAJOS EXTERNOS,0.0,0.0
1 0700.227.90.333.30 2021,,245.0,TRABAJOS EXTERNOS,30000.0,30000.0
1 0700.227.90.333.30 2020,,1949.0,TRABAJOS EXTERNOS,0.0,0.0
1 0700.227.90.334.10 2021,,252.0,CONTRATOS A TAQUILLA,20000.0,20000.0
1 0700.227.90.334.22 2021,,264.0,TRABAJOS EXTERNOS.UNI KULTUR ELKARTEA,10000.0,10000.0
1 0700.227.90.334.50 2021,,1827.0,TRABAJOS EXTERNOS,30000.0,30000.0
1 0700.227.90.337.20 2021,,1222.0,TRABAJOS EXTERNOS,14000.0,14000.0
1 0700.227.99.333.30 2021,,246.0,OTROS TRABAJOS EXTERIORES,48094.47,48094.47
1 0700.227.99.333.30 2020,,1950.0,OTROS TRABAJOS EXTERIORES,0.0,0.0
1 0700.227.99.334.10 2021,,253.0,OTROS TRAB.EXTERIORES.CONTRATOS BANDAS,96464.0,96464.0
1 0700.227.99.334.10 2020,,1951.0,OTROS TRAB.EXTERIORES.CONTRATOS BANDAS,0.0,0.0
1 0700.227.99.334.21 2021,,259.0,CONTRATOS A TAQUILLA,25000.0,25000.0
1 0700.227.99.334.21 2020,,1952.0,CONTRATOS A TAQUILLA,0.0,0.0
1 0700.227.99.334.30 2021,,1750.0,OTROS TRABAJOS EXTERIORES,30000.0,30000.0
1 0700.227.99.334.40 2021,,815.0,OTROS TRABAJOS EXTERIORES,118000.0,118000.0
1 0700.227.99.337.20 2021,,322.0,OTROS TRABAJOS EXTERIORES,359952.42,359952.42
1 0700.227.99.338.00 2021,,2019.0,EUSKAL BIZIKLETA.O.TRABAJOS EXTERIORES,0.0,0.0
1 0700.230.01.326.10 2021,,1745.0,"DIETAS, LOCOMOCION /TRASLADO DEL PERSON",315.0,315.0
1 0700.230.01.330.00 2021,,209.0,DIETAS/LOCOMOC/TRASLADO PERSONAL,500.0,500.0
1 0700.230.01.332.10 2021,,223.0,DIETAS/LOCOMOC/TRASLADO PERSONAL,570.0,570.0
1 0700.230.01.333.30 2021,,247.0,DIETAS/LOCOMOC/TRASLADO PERSONAL,35.0,35.0
1 0700.230.01.334.22 2021,,1294.0,"DIETAS,LOCOMOCION Y TRASLADO",2000.0,2000.0
1 0700.230.01.334.30 2021,,277.0,DIETAS/LOCOMOC/TRASLADO PERSONAL,105.0,105.0
1 0700.230.01.334.50 2021,,1828.0,"DIETAS,LOCOMOCION Y TRASLADO DE PERSONA",35.0,35.0
1 0700.480.01.334.40 2021,,283.0,A FAMILIAS,5500.0,5500.0
1 0700.480.01.338.00 2021,,330.0,A FAMILIAS.CONCURSO CARTELES FIESTAS,3000.0,3000.0
1 0700.481.01.330.00 2021,,210.0,A INSTITUCIONES SIN FINES DE LUCRO,16020.0,16020.0
1 0700.481.01.330.00 2020,,1953.0,A INSTITUCIONES SIN FINES DE LUCRO,0.0,0.0
1 0700.481.01.332.10 2021,,224.0,A INSTITUCIONES SIN FINES DE LUCRO,2025.0,2025.0
1 0700.481.01.332.10 2020,,1954.0,A INSTITUCIONES SIN FINES DE LUCRO,0.0,0.0
1 0700.481.01.334.10 2021,,254.0,A INSTITUCIONES SIN FINES DE LUCRO,38893.03,38893.03
1 0700.481.01.334.10 2020,,1956.0,A INSTITUCIONES SIN FINES DE LUCRO,0.0,0.0
1 0700.481.01.334.10 2019,,1955.0,A INSTITUCIONES SIN FINES DE LUCRO,0.0,0.0
1 0700.481.01.334.22 2021,,1295.0,A FAMILIAS,1000.0,1000.0
1 0700.481.01.334.30 2021,,278.0,A INSTITUCIONES SIN FINES DE LUCRO,9787.5,9787.5
1 0700.481.01.334.30 2020,,1957.0,A INSTITUCIONES SIN FINES DE LUCRO,0.0,0.0
1 0700.481.01.334.40 2021,,284.0,A INSTITUCIONES SIN FINES DE LUCRO,1350.0,1350.0
1 0700.481.01.334.40 2020,,1958.0,A INSTITUCIONES SIN FINES DE LUCRO,0.0,0.0
1 0700.481.02.334.10 2021,,255.0,TRANSF. A ENTIDADES. CONV. COLABORACION,40210.0,40210.0
1 0700.481.02.334.10 2020,,1960.0,TRANSF. A ENTIDADES. CONV. COLABORACION,0.0,0.0
1 0700.481.02.334.10 2019,,1959.0,TRANSF. A ENTIDADES. CONV. COLABORACION,0.0,0.0
1 0700.481.02.334.21 2021,,260.0,TRANSF.A ENTID.CONV.COLAB.,34000.0,34000.0
1 0700.481.02.334.21 2020,,1961.0,TRANSF.A ENTID.CONV.COLAB.,0.0,0.0
1 0700.481.02.334.40 2021,,285.0,TRANSF.A ENTID.CONV.COLAB.,5250.0,5250.0
1 0700.481.02.337.20 2021,,323.0,TRANSF.A ENTID.CONV.COLAB.,2875.0,2875.0
1 0700.481.02.337.20 2020,,1962.0,TRANSF.A ENTID.CONV.COLAB.,0.0,0.0
1 0700.481.18.338.00 2021,,331.0,A INSTITUCIONES.COLECTIVOS FIESTAS,14700.0,14700.0
1 0700.625.01.326.10 2021,,1746.0,MOBILIARIO,1000.26,1000.26
1 0700.625.01.334.50 2021,,1829.0,MOBILIARIO,50000.0,50000.0
1 0700.625.02.334.50 2021,,1830.0,EQUIPOS DE OFICINA,50000.0,50000.0
1 0700.625.06.326.10 2021,,1747.0,INSTRUMENTOS MUSICALES,8000.0,8000.0
1 0700.626.01.332.10 2021,,1252.0,EQUIPOS NUEVAS TECNOLOGIAS,1500.0,1500.0
1 0700.626.01.333.10 2021,,1749.0,EQUIPOS PROCESOS INFORMACION,5000.0,5000.0
1 0700.629.07.333.30 2021,,1292.0,FONDOS MUSEISTICOS,200.0,200.0
1 0800.120.01.335.10 2021,,286.0,RETRIBUCIONES BASICAS,44356.71,44356.71
1 0800.120.01.335.20 2021,,298.0,RETRIBUCIONES BASICAS,219575.92,219575.92
1 0800.121.99.335.10 2021,,287.0,COMPLEMENTOS VARIOS,61600.42,61600.42
1 0800.121.99.335.20 2021,,299.0,COMPLEMENTOS VARIOS,229828.85,229828.85
1 0800.160.01.335.10 2021,,288.0,SEGURIDAD SOCIAL,24833.75,24833.75
1 0800.160.01.335.20 2021,,300.0,SEGURIDAD SOCIAL,118015.71,118015.71
1 0800.160.04.335.10 2021,,289.0,CUOTAS ELKARKIDETZA,2957.11,2957.11
1 0800.160.04.335.20 2021,,301.0,CUOTAS ELKARKIDETZA,11562.79,11562.79
1 0800.211.01.335.20 2021,,302.0,EDIFICIOS Y OTRAS CONSTRUCCIONES,100.0,100.0
1 0800.215.01.335.10 2021,,290.0,EQUIPOS PARA PROCESOS DE INFORMACION,1000.0,1000.0
1 0800.219.01.335.20 2021,,303.0,OTRO INMOVILIZADO MATERIAL,100.0,100.0
1 0800.221.99.335.20 2021,,304.0,OTROS SUMINISTROS,1500.0,1500.0
1 0800.226.03.335.10 2021,,291.0,"PUBLICACIONES, PUBLICIDAD Y PROPAGANDA",5000.0,5000.0
1 0800.226.03.335.20 2021,,306.0,"PUBLICACIONES, PUBLICIDAD Y PROPAGANDA",4025.0,4025.0
1 0800.226.04.335.10 2021,,1774.0,JURIDICOS.INDEMNIZACIONES,0.0,0.0
1 0800.226.05.335.10 2021,,292.0,REUNIONES Y CONFERENCIAS,8000.0,8000.0
1 0800.226.99.335.20 2021,,307.0,OTROS GASTOS DIVERSOS,1200.0,1200.0
1 0800.227.04.335.10 2021,,293.0,CONTRATOS SOCIO-CULTURALES,32000.0,32000.0
1 0800.227.04.335.10 2020,,1963.0,CONTRATOS SOCIO-CULTURALES,0.0,0.0
1 0800.227.87.335.10 2021,,573.0,DESARROLLO PLAN ESTRATEG.EUSKERA,40800.0,40800.0
1 0800.227.87.335.10 2020,,1964.0,DESARROLLO PLAN ESTRATEG.EUSKERA,0.0,0.0
1 0800.230.01.335.10 2021,,294.0,DIETAS/LOCOMOC/TRASLADO PERSONAL,430.0,430.0
1 0800.230.01.335.20 2021,,308.0,DIETAS/LOCOMOC/TRASLADO PERSONAL,710.0,710.0
1 0800.480.01.335.10 2021,,295.0,A FAMILIAS,10000.0,10000.0
1 0800.480.01.335.10 2019,,1965.0,A FAMILIAS,0.0,0.0
1 0800.481.01.335.10 2021,,296.0,A INSTITUCIONES SIN FINES DE LUCRO,19621.0,19621.0
1 0800.481.01.335.10 2020,,1966.0,A INSTITUCIONES SIN FINES DE LUCRO,0.0,0.0
1 0800.481.02.335.10 2021,,297.0,TRANSF.A ENTID.CONV.COLAB.,154349.0,154349.0
1 0800.481.02.335.10 2020,,1967.0,TRANSF.A ENTID.CONV.COLAB.,0.0,0.0
1 0800.771.04.335.10 2021,,1296.0,A EMPRESAS ROTULACION DE TIENDAS,4250.0,4250.0
1 0900.221.99.341.00 2021,,332.0,OTROS SUMINISTROS (TROFEOS),3000.0,3000.0
1 0900.226.06.341.00 2021,,333.0,ACTIVIDADES SOCIO-CULTURALES,0.0,0.0
1 0900.431.01.342.10 2021,,338.0,ORGANISMOS AUTONOMOS,1037935.0,1037935.0
1 0900.481.01.341.00 2021,,335.0,A INSTITUCIONES SIN FINES DE LUCRO,44173.0,44173.0
1 0900.481.01.341.00 2020,,1968.0,A INSTITUCIONES SIN FINES DE LUCRO,0.0,0.0
1 0900.481.02.341.00 2021,,336.0,TRANSF.A ENTID.CONV.COLAB.,200000.0,200000.0
1 0900.481.02.341.00 2020,,1969.0,TRANSF.A ENTID.CONV.COLAB.,0.0,0.0
1 0900.481.22.341.00 2021,,337.0,TRANSF.A ENTID.ASIST.CAMP/PRUEB.DEPORT.,1000.0,1000.0
1 0900.601.16.342.10 2021,,1832.0,OBRAS VARIAS,367831.0,367831.0
1 0900.731.01.342.10 2021,,1223.0,A ORGANISMOS AUTONOMOS,0.0,0.0
1 0900.781.01.341.00 2021,,1497.0,ACONDICIONAM. NUEVO LOCAL JUDO KALAMUA,0.0,0.0
1 1000.120.01.241.00 2021,,1822.0,RETRIBUCIONES BASICAS,9905.65,9905.65
1 1000.120.01.433.10 2021,,342.0,RETRIBUCIONES BASICAS,30373.02,30373.02
1 1000.120.01.493.00 2021,,370.0,RETRIBUCIONES BASICAS,18020.52,18020.52
1 1000.121.99.241.00 2021,,1823.0,COMPLEMENTOS VARIOS,11523.12,11523.12
1 1000.121.99.433.10 2021,,343.0,COMPLEMENTOS VARIOS,49650.55,49650.55
1 1000.121.99.493.00 2021,,371.0,COMPLEMENTOS VARIOS,23652.74,23652.74
1 1000.131.01.241.00 2021,,181.0,LABORAL EVENTUAL,680586.61,680586.61
1 1000.160.01.241.00 2021,,182.0,SEGURIDAD SOCIAL,225327.35,225327.35
1 1000.160.01.433.10 2021,,344.0,SEGURIDAD SOCIAL,26224.48,26224.48
1 1000.160.01.493.00 2021,,372.0,SEGURIDAD SOCIAL,10449.2,10449.2
1 1000.160.04.433.10 2021,,1537.0,ELKARKIDETZA,0.0,0.0
1 1000.160.04.493.00 2021,,373.0,CUOTAS ELKARKIDETZA,1212.92,1212.92
1 1000.201.01.431.20 2021,,340.0,EDIFICIOS Y OTRAS CONSTRUCCIONES,58247.88,58247.88
1 1000.201.01.433.10 2021,,810.0,EDIFCIOS Y OTR. CONSTRUCC. ALQUILER,13388.14,13388.14
1 1000.211.01.431.20 2021,,341.0,EDIFICIOS Y OTRAS CONSTRUCCIONES,1000.0,1000.0
1 1000.226.03.241.00 2021,,183.0,"PUBLICACIONES, PUBLICIDAD Y PROPAGANDA",500.0,500.0
1 1000.226.03.433.10 2021,,793.0,"PUBLICACIONES, PUBLICIDAD Y PROPAGANDA",500.0,500.0
1 1000.226.09.433.10 2021,,1779.0,Marketing Covid-19,0.0,0.0
1 1000.226.70.433.10 2021,,1297.0,IMPLEMENTACION PLAN DE ACCION ROBOTICA,0.0,0.0
1 1000.226.80.433.10 2021,,1245.0,"OTR.GAST. LOCAL POLIG. IND. AZITAIN, 3",3500.0,3500.0
1 1000.226.99.241.00 2021,,184.0,OTROS GASTOS DIVERSOS,10000.0,10000.0
1 1000.226.99.241.00 2020,,1970.0,OTROS GASTOS DIVERSOS,0.0,0.0
1 1000.226.99.433.10 2021,,794.0,OTROS GASTOS DIVERSOS,175000.0,175000.0
1 1000.226.99.433.10 2020,,1973.0,OTROS GASTOS DIVERSOS,0.0,0.0
1 1000.226.99.433.10 2019,,1972.0,OTROS GASTOS DIVERSOS,0.0,0.0
1 1000.226.99.433.10 2018,,1971.0,OTROS GASTOS DIVERSOS,0.0,0.0
1 1000.226.99.493.00 2021,,799.0,OTROS GASTOS DIVERSOS,2050.0,2050.0
1 1000.227.07.433.10 2021,,795.0,ESTUDIOS Y TRABAJOS TECNICOS,10000.0,10000.0
1 1000.227.07.433.10 2020,,1975.0,ESTUDIOS Y TRABAJOS TECNICOS,0.0,0.0
1 1000.227.07.433.10 2019,,1974.0,ESTUDIOS Y TRABAJOS TECNICOS,0.0,0.0
1 1000.227.90.241.00 2021,,487.0,TRABAJ.EXTERNOS.CONV.EMPLEO GUREAK,11000.0,11000.0
1 1000.227.90.241.00 2020,,1976.0,TRABAJ.EXTERNOS.CONV.EMPLEO GUREAK,0.0,0.0
1 1000.227.99.241.00 2021,,812.0,OTROS TRABAJOS EXTERIORES,457049.25,457049.25
1 1000.227.99.241.00 2019,,1978.0,OTROS TRABAJOS EXTERIORES,0.0,0.0
1 1000.227.99.241.00 2018,,1977.0,OTROS TRABAJOS EXTERIORES,0.0,0.0
1 1000.230.01.241.00 2021,,185.0,DIETAS/LOCOMOC/TRASLADO PERSONAL,100.0,100.0
1 1000.230.01.433.10 2021,,350.0,DIETAS/LOCOMOC/TRASLADO PERSONAL,430.0,430.0
1 1000.230.01.493.00 2021,,374.0,DIETAS/LOCOMOC/TRASLADO PERSONAL,35.0,35.0
1 1000.470.01.433.10 2021,,351.0,DEBEGESA,232718.16,232718.16
1 1000.471.01.433.10 2021,,352.0,A OTR EMPRES.APORTAC.A PREM.T.ECHEVERRIA,56000.0,56000.0
1 1000.471.01.433.10 2020,,1979.0,A OTR EMPRES.APORTAC.A PREM.T.ECHEVERRIA,0.0,0.0
1 1000.471.02.241.00 2021,,582.0,SUBVENC.A OTR.AYUDAS A EMPRENDEDORES,20000.0,20000.0
1 1000.471.02.241.00 2020,,1981.0,SUBVENC.A OTR.AYUDAS A EMPRENDEDORES,0.0,0.0
1 1000.471.02.241.00 2018,,1980.0,SUBVENC.A OTR.AYUDAS A EMPRENDEDORES,0.0,0.0
1 1000.471.02.433.10 2021,,1781.0,AYUDAS A EMPRESAS COVID-19.,1000000.0,1000000.0
1 1000.471.02.433.10 2020,,1982.0,Ayudas a empresas Covid-19,0.0,0.0
1 1000.471.03.433.10 2021,,354.0,A OTRAS EMPRESAS.RETOS TECNOLOGICOS,100000.0,100000.0
1 1000.471.03.433.10 2020,,1984.0,A OTRAS EMPRESAS.RETOS TECNOLOGICOS,0.0,0.0
1 1000.471.03.433.10 2019,,1983.0,A OTRAS EMPRESAS.RETOS TECNOLOGICOS,0.0,0.0
1 1000.471.06.241.00 2021,,813.0,A EMPRES. ACCION.MEJORA EMPLEABIL.Y CONT,769900.0,769900.0
1 1000.471.06.241.00 2019,,1985.0,A EMPRES. ACCION.MEJORA EMPLEABIL.Y CONT,0.0,0.0
1 1000.471.11.241.00 2021,,1288.0,"A EMPRESAS ""CREACION EMPLEO",0.0,0.0
1 1000.480.12.433.10 2021,,355.0,A FAMILIAS.ESCOLARES,210000.0,210000.0
1 1000.480.14.433.10 2021,,356.0,A FAMILIAS.AYUDAS ESTUDIANTES,75000.0,75000.0
1 1000.480.20.241.00 2021,,814.0,SUBV. A LA FORMACION DESEMPLEADOS,15000.0,15000.0
1 1000.480.20.241.00 2020,,1986.0,SUBV. A LA FORMACION DESEMPLEADOS,0.0,0.0
1 1000.481.01.433.10 2021,,357.0,SUBVENCION NOMINATIVA EKINGUNE,12920.0,12920.0
1 1000.481.01.433.10 2020,,1987.0,SUBVENCION NOMINATIVA EKINGUNE,0.0,0.0
1 1000.481.03.433.10 2021,,358.0,TRANSFERENCIA A ASOCIACION COMERCIANTES,27000.0,27000.0
1 1000.481.03.433.10 2020,,1988.0,TRANSFERENCIA A ASOCIACION COMERCIANTES,0.0,0.0
1 1000.481.05.433.10 2021,,359.0,TRANSF.EIBAR CTRO COM.ABIERT.PROM.CAMP.,188900.0,188900.0
1 1000.481.05.433.10 2020,,1989.0,TRANSF.EIBAR CTRO COM.ABIERT.PROM.CAMP.,0.0,0.0
1 1000.481.12.241.00 2021,,1289.0,TRANSF.UNI EIBAR-ERMUA. MEJORA Y FORMA,0.0,0.0
1 1000.481.17.433.10 2021,,360.0,"TRANSF.ASOC.""EIBAR CENTR.COMERC.ABIERTO""",82000.0,82000.0
1 1000.481.25.433.10 2021,,1298.0,A INSTITUC.S/FINES DE LUCRO CENTRO COMER,0.0,0.0
1 1000.481.31.241.00 2021,,1290.0,TRANSF.ASOC. ANTIGUOS ALUMNOS E.ARMERIA,15000.0,15000.0
1 1000.481.31.241.00 2020,,1991.0,TRANSF.ASOC. ANTIGUOS ALUMNOS E.ARMERIA,0.0,0.0
1 1000.481.31.241.00 2019,,1990.0,TRANSF.ASOC. ANTIGUOS ALUMNOS E.ARMERIA,0.0,0.0
1 1000.481.32.241.00 2021,,1220.0,TRANS.FEDERACION MERCANTIL DE GIPUZKOA,0.0,0.0
1 1000.481.32.433.10 2021,,1008.0,TRANSF. A FEDERAC. MERCANTIL DE GIPUZKOA,2500.0,2500.0
1 1000.481.32.433.10 2020,,1992.0,TRANSF. A FEDERAC. MERCANTIL DE GIPUZKOA,0.0,0.0
1 1000.481.33.433.10 2021,,1833.0,TRANSFERENCIA A LA FEDERACION HOSTELEROS,11600.0,11600.0
1 1000.481.38.433.10 2021,,1299.0,SUBV.BIC GIPUZKOA TECNOLOGIA Y DEPORTE,75000.0,75000.0
1 1000.481.38.433.10 2020,,1993.0,SUBV.BIC GIPUZKOA TECNOLOGIA Y DEPORTE,0.0,0.0
1 1000.481.39.241.00 2021,,1291.0,SUBV.FUNDACION CRUZ IRASUEGUI,25000.0,25000.0
1 1000.481.40.433.10 2021,,1764.0,SUBVENCION A DEBEGESA,95000.0,95000.0
1 1000.481.40.433.10 2020,,1994.0,SUBVENCION A DEBEGESA,0.0,0.0
1 1000.714.01.433.10 2021,,1300.0,"CONVENIO EL DESARROLLO ""PARQUE TECNOL.",0.0,0.0
1 1000.771.05.433.10 2021,,1780.0,COVID-19. AYUDAS A LA INVERS,0.0,0.0
1 1000.771.05.433.10 2020,,1995.0,COVID-19 AYUDAS INVERSION,0.0,0.0
1 1000.781.01.433.10 2021,,1765.0,SUBV. OBRAS INCUBADORA.TECNOLOGIA II,150000.0,150000.0
1 1100.100.01.912.00 2021,,375.0,RETRIB.BASICAS/OTRAS REMUNERACIONES,509787.95,509787.95
1 1100.120.01.491.00 2021,,980.0,RETRIBUCIONES BASICAS,17229.72,17229.72
1 1100.120.01.912.00 2021,,1539.0,RETRIBUCIONES BASICAS,0.0,0.0
1 1100.120.01.920.11 2021,,384.0,RETRIBUCIONES BASICAS,152040.8,152040.8
1 1100.120.01.920.20 2021,,406.0,RETRIBUCIONES BASICAS,102022.23,102022.23
1 1100.120.01.920.30 2021,,420.0,RETRIBUCIONES BASICAS,81863.42,81863.42
1 1100.120.01.923.10 2021,,450.0,RETRIBUCIONES BASICAS,11496.77,11496.77
1 1100.120.01.925.00 2021,,455.0,RETRIBUCIONES BASICAS,122726.72,122726.72
1 1100.121.99.491.00 2021,,981.0,COMPLEMENTOS VARIOS,18814.38,18814.38
1 1100.121.99.912.00 2021,,1540.0,COMPLEMENTOS VARIOS,0.0,0.0
1 1100.121.99.920.11 2021,,385.0,COMPLEMENTOS VARIOS,267711.15,267711.15
1 1100.121.99.920.20 2021,,407.0,COMPLEMENTOS VARIOS,160490.45,160490.45
1 1100.121.99.920.30 2021,,421.0,COMPLEMENTOS VARIOS,156964.0,156964.0
1 1100.121.99.923.10 2021,,451.0,COMPLEMENTOS VARIOS,20539.53,20539.53
1 1100.121.99.925.00 2021,,456.0,COMPLEMENTOS VARIOS,215001.36,215001.36
1 1100.130.03.920.11 2021,,386.0,REMUNERACIONES PERSONAL LABORAL FIJO,99988.43,99988.43
1 1100.130.03.920.20 2021,,408.0,REMUNERACIONES PERSONAL LABORAL FIJO,48296.37,48296.37
1 1100.131.01.920.11 2021,,387.0,LABORAL EVENTUAL,32691.56,32691.56
1 1100.160.01.491.00 2021,,979.0,SEGURIDAD SOCIAL,11623.68,11623.68
1 1100.160.01.912.00 2021,,377.0,SEGURIDAD SOCIAL,152055.41,152055.41
1 1100.160.01.920.11 2021,,388.0,SEGURIDAD SOCIAL,135380.88,135380.88
1 1100.160.01.920.20 2021,,409.0,SEGURIDAD SOCIAL,88175.78,88175.78
1 1100.160.01.920.30 2021,,422.0,SEGURIDAD SOCIAL,59750.68,59750.68
1 1100.160.01.923.10 2021,,452.0,SEGURIDAD SOCIAL,8338.66,8338.66
1 1100.160.01.925.00 2021,,457.0,SEGURIDAD SOCIAL,91536.44,91536.44
1 1100.160.04.491.00 2021,,982.0,CUOTAS ELKARKIDETZA,1478.55,1478.55
1 1100.160.04.912.00 2021,,1538.0,CUOTAS ELKARKIDETZA,0.0,0.0
1 1100.160.04.920.11 2021,,389.0,CUOTAS ELKARKIDETZA,13825.68,13825.68
1 1100.160.04.920.20 2021,,410.0,CUOTAS ELKARKIDETZA,7742.66,7742.66
1 1100.160.04.920.30 2021,,423.0,CUOTAS ELKARKIDETZA,6064.6,6064.6
1 1100.160.04.923.10 2021,,453.0,CUOTAS ELKARKIDETZA,1005.84,1005.84
1 1100.160.04.925.00 2021,,458.0,CUOTAS ELKARKIDETZA,9665.73,9665.73
1 1100.161.03.221.00 2021,,989.0,INDEMNIZAC. POR JUBILACIONES ANTICIPADAS,42821.82,42821.82
1 1100.162.01.920.20 2021,,412.0,FORMACION,30000.0,30000.0
1 1100.162.01.920.20 2020,,1997.0,FORMACION,0.0,0.0
1 1100.162.01.920.20 2019,,1996.0,FORMACION,0.0,0.0
1 1100.162.05.920.20 2021,,413.0,SEGUROS,141370.56,141370.56
1 1100.204.01.920.12 2021,,397.0,ARRENDAMIENTO MOBILIARIO Y EQUIPOS,18000.0,18000.0
1 1100.212.01.920.12 2021,,398.0,"MAQUINARIA,INSTALACIONES Y UTILLAJE",18000.0,18000.0
1 1100.215.01.920.30 2021,,424.0,EQUIPOS PARA PROCESOS DE INFORM.MANTTO,10596.98,10596.98
1 1100.215.02.920.30 2021,,425.0,MANTENIMIENTO DE APLICACIONES,72957.49,72957.49
1 1100.215.02.920.30 2020,,1998.0,MANTENIMIENTO DE APLICACIONES,0.0,0.0
1 1100.220.01.920.11 2021,,390.0,ORDINARIO NO INVENTARIABLE,2700.0,2700.0
1 1100.220.01.920.12 2021,,399.0,ORDINARIO NO INVENTARIABLE,55000.0,55000.0
1 1100.220.01.920.12 2020,,1999.0,ORDINARIO NO INVENTARIABLE,0.0,0.0
1 1100.220.02.920.12 2021,,400.0,PRENSA/REVISTAS/LIBROS/OTRAS PUBLIC.,18000.0,18000.0
1 1100.220.03.920.30 2021,,426.0,MATERIAL INFORMATICO NO INVENTARIABLE,1500.0,1500.0
1 1100.220.03.920.30 2020,,2000.0,MATERIAL INFORMATICO NO INVENTARIABLE,0.0,0.0
1 1100.221.05.920.11 2021,,391.0,VESTUARIO.CONSERJE Y ORDENANZAS,1500.0,1500.0
1 1100.221.91.920.20 2021,,1777.0,OTROS SUMINISTROS COVID-19,60000.0,60000.0
1 1100.221.91.920.20 2020,,2001.0,OTROS SUMINISTROS COVID-19,0.0,0.0
1 1100.222.02.920.12 2021,,401.0,GASTOS DE CORREOS,65000.0,65000.0
1 1100.222.99.920.12 2021,,402.0,OTRAS COMUNIC.RECADIST/MENSAJ/OTROS,4000.0,4000.0
1 1100.222.99.920.12 2020,,2002.0,OTRAS COMUNIC.RECADIST/MENSAJ/OTROS,0.0,0.0
1 1100.224.99.920.11 2021,,392.0,OTROS RIESGOS.SEGURO RESPONSAB.CIVIL,80000.0,80000.0
1 1100.226.02.912.00 2021,,378.0,ATENCIONES PROTOCOL/REPRESENTATIVAS,23400.0,23400.0
1 1100.226.03.491.00 2021,,998.0,"PUBLICACIONES, PUBLICIDAD Y PROPAGANDA",5000.0,5000.0
1 1100.226.03.912.00 2021,,379.0,"PUBLICACIONES, PUBLICIDAD Y PROPAGANDA",11925.0,11925.0
1 1100.226.03.912.00 2020,,2003.0,"PUBLICACIONES, PUBLICIDAD Y PROPAGANDA",0.0,0.0
1 1100.226.03.920.12 2021,,403.0,PUBLIC/PROPAG.ANUNC.BOLETINES/PERIODICOS,22000.0,22000.0
1 1100.226.03.920.12 2020,,2004.0,PUBLIC/PROPAG.ANUNC.BOLETINES/PERIODICOS,0.0,0.0
1 1100.226.04.920.11 2021,,393.0,JURIDICOS,120000.0,120000.0
1 1100.226.04.920.11 2020,,2005.0,JURIDICOS,0.0,0.0
1 1100.226.99.336.10 2021,,309.0,OTROS GASTOS DIVERSOS,49146.0,49146.0
1 1100.226.99.336.10 2020,,2006.0,OTROS GASTOS DIVERSOS,0.0,0.0
1 1100.226.99.920.11 2021,,394.0,INDEM.COMPENS.TERC/COBERT.OTR.RIESGOS,65000.0,65000.0
1 1100.227.04.920.11 2021,,1766.0,CONTRATOS SOCIO-CULTURALES,1500.0,1500.0
1 1100.227.07.920.20 2021,,414.0,ESTUD/TRABAJ.TECNICOS.SELECC.PERSONAL,10000.0,10000.0
1 1100.227.20.920.30 2021,,427.0,CONVENIO IZFE,138397.64,138397.64
1 1100.227.90.920.11 2021,,1767.0,TRABAJOS EXTERIORES,31612.5,31612.5
1 1100.227.90.920.11 2020,,2007.0,TRABAJOS EXTERIORES,0.0,0.0
1 1100.227.92.920.20 2021,,415.0,SERVICIO DE PREVENCION DE SALUD LABORAL,25000.0,25000.0
1 1100.227.99.491.00 2021,,999.0,OTROS TRABAJOS EXTERIORES,34118.0,34118.0
1 1100.227.99.491.00 2020,,2009.0,OTROS TRABAJOS EXTERIORES,0.0,0.0
1 1100.227.99.491.00 2019,,2008.0,OTROS TRABAJOS EXTERIORES,0.0,0.0
1 1100.227.99.912.00 2021,,669.0,OTROS TRABAJOS EXTERIORES,14520.0,14520.0
1 1100.227.99.920.11 2021,,395.0,OTROS TRABAJOS EXTERIORES,9000.0,9000.0
1 1100.227.99.920.20 2021,,416.0,OTROS TRABAJOS EXTERIORES.MEDICO EMPRESA,12000.0,12000.0
1 1100.227.99.920.30 2021,,429.0,OTR.TRAB.EXTERIORES.ASIST.TECNIC/FORMAC.,20800.0,20800.0
1 1100.227.99.920.30 2020,,2010.0,OTR.TRAB.EXTERIORES.ASIST.TECNIC/FORMAC.,0.0,0.0
1 1100.230.01.491.00 2021,,984.0,"DIETAS, LOCOMOCION Y TRASLADO PERSONAL",395.0,395.0
1 1100.230.01.920.11 2021,,396.0,DIETAS/LOCOMOC/TRASLADO PERSONAL,815.0,815.0
1 1100.230.01.920.20 2021,,417.0,DIETAS/LOCOMOC/TRASLADO PERSONAL,965.0,965.0
1 1100.230.01.920.30 2021,,430.0,DIETAS/LOCOMOC/TRASLADO PERSONAL,1255.0,1255.0
1 1100.230.01.923.10 2021,,454.0,DIETAS/LOCOMOC/TRASLADO PERSONAL,35.0,35.0
1 1100.230.01.925.00 2021,,459.0,DIETAS/LOCOMOC/TRASLADO PERSONAL,350.0,350.0
1 1100.231.01.912.00 2021,,381.0,DIETAS/LOCOMOC/TRASLADO ALTOS CARGOS,2500.0,2500.0
1 1100.231.02.912.00 2021,,382.0,DIETAS ASIST.A COMIS.ALTOS CARGOS,154748.0,154748.0
1 1100.409.01.922.00 2021,,448.0,OTRAS ENTIDADES PUBLICAS.FEMP,2000.0,2000.0
1 1100.419.01.922.00 2021,,449.0,OTRAS ENTIDADES PUBLICAS.EUDEL,5000.0,5000.0
1 1100.480.01.336.10 2021,,1759.0,A FAMILIAS. BECA MERCEDES KAREAGA,9000.0,9000.0
1 1100.481.01.912.00 2021,,383.0,A INSTITUCIONES SIN FINES DE LUCRO,126972.0,126972.0
1 1100.481.02.912.00 2021,,1783.0,TRANSFERENCIAS A ENTIDADES,0.0,0.0
1 1100.481.02.912.00 2020,,2011.0,TRANSFERENCIAS A ENTIDADES,0.0,0.0
1 1100.481.05.336.10 2021,,1782.0,"Transf.""Dendekin Elkarlan:Zuloga 20""",0.0,0.0
1 1100.481.05.336.10 2020,,2012.0,"Transf.""Dendekin Elkarlan:Zuloga 20""",0.0,0.0
1 1100.481.34.922.00 2021,,1224.0,CUOTA ASOCIACION PROGRESO DIRECCION,1400.0,1400.0
1 1100.500.01.929.00 2021,,802.0,CREDITO GLOBAL Y OTROS IMPREVISTOS,0.0,0.0
1 1100.625.01.920.12 2021,,404.0,MOBILIARIO,12000.0,12000.0
1 1100.625.01.920.12 2020,,2013.0,MOBILIARIO,0.0,0.0
1 1100.625.01.925.00 2021,,1005.0,MOBILIARIO,0.0,0.0
1 1100.625.02.920.11 2021,,1834.0,EQUIPOS DE OFICINA,1000.0,1000.0
1 1100.625.02.920.12 2021,,405.0,EQUIPOS OFICINA,1000.0,1000.0
1 1100.625.02.920.12 2020,,2014.0,EQUIPOS OFICINA,0.0,0.0
1 1100.626.01.920.11 2021,,1301.0,EQUIPOS PARA PROCESOS DE INFORMACION,0.0,0.0
1 1100.626.01.920.30 2021,,431.0,EQUIPOS PARA PROCESOS DE INFORMACION,95664.25,95664.25
1 1100.626.01.920.30 2020,,2015.0,EQUIPOS PARA PROCESOS DE INFORMACION,0.0,0.0
1 1100.644.01.491.00 2021,,1001.0,APLICACIONES INFORMATICAS,0.0,0.0
1 1100.644.01.920.30 2021,,801.0,APLICACIONES INFORMATICAS,55800.0,55800.0
1 1100.644.01.920.30 2020,,2016.0,APLICACIONES INFORMATICAS,0.0,0.0
1 1100.823.01.920.20 2021,,418.0,ANTICIPOS AL PERSONAL (A CORTO PLAZO),20000.0,20000.0
1 1100.833.01.920.20 2021,,419.0,ANTICIPOS AL PERSONAL (A LARGO PLAZO),15000.0,15000.0
1 1200.120.01.931.10 2021,,461.0,RETRIBUCIONES BASICAS,82574.63,82574.63
1 1200.120.01.931.20 2021,,469.0,RETRIBUCIONES BASICAS,69127.84,69127.84
1 1200.120.01.932.00 2021,,474.0,RETRIBUCIONES BASICAS,122783.19,122783.19
1 1200.120.01.934.00 2021,,480.0,RETRIBUCIONES BASICAS,25221.67,25221.67
1 1200.121.99.931.10 2021,,462.0,COMPLEMENTOS VARIOS,136304.96,136304.96
1 1200.121.99.931.20 2021,,470.0,COMPLEMENTOS VARIOS,127138.36,127138.36
1 1200.121.99.932.00 2021,,475.0,COMPLEMENTOS VARIOS,221219.09,221219.09
1 1200.121.99.934.00 2021,,481.0,COMPLEMENTOS VARIOS,52629.0,52629.0
1 1200.160.01.931.10 2021,,463.0,SEGURIDAD SOCIAL,57228.86,57228.86
1 1200.160.01.931.20 2021,,471.0,SEGURIDAD SOCIAL,43501.62,43501.62
1 1200.160.01.932.00 2021,,476.0,SEGURIDAD SOCIAL,92730.42,92730.42
1 1200.160.01.934.00 2021,,482.0,SEGURIDAD SOCIAL,17071.67,17071.67
1 1200.160.04.931.10 2021,,464.0,CUOTAS ELKARKIDETZA,3774.22,3774.22
1 1200.160.04.931.20 2021,,472.0,CUOTAS ELKARKIDETZA,5250.27,5250.27
1 1200.160.04.932.00 2021,,477.0,CUOTAS ELKARKIDETZA,10446.92,10446.92
1 1200.160.04.934.00 2021,,483.0,CUOTAS ELKARKIDETZA,1919.13,1919.13
1 1200.226.99.931.10 2021,,1242.0,O.GASTOS DIV. REINT.SUBV.DIPUT.P.CIUDADA,0.0,0.0
1 1200.227.07.931.10 2021,,465.0,ESTUDIOS/TRABAJ.TECNICOS.AUDITORIA-OTROS,60000.0,60000.0
1 1200.227.07.931.10 2020,,2017.0,ESTUDIOS/TRABAJ.TECNICOS.AUDITORIA-OTROS,0.0,0.0
1 1200.227.07.931.20 2021,,1502.0,ESTUDIOS Y TRABAJOS TECNICOS,0.0,0.0
1 1200.227.99.931.20 2021,,1835.0,OTROS TRABAJOS EXTERIORES,20000.0,20000.0
1 1200.230.01.931.10 2021,,466.0,DIETAS/LOMOMOC/TRASLADO PERSONAL,535.0,535.0
1 1200.230.01.931.20 2021,,473.0,DIETAS/LOCOMOC/TRASLADO PERSONAL,595.0,595.0
1 1200.230.01.932.00 2021,,479.0,DIETAS/LOCOMOC/TRASLADO PERSONAL,710.0,710.0
1 1200.230.01.934.00 2021,,484.0,DIETAS/LOCOMOC/TRASLADO PERSONAL,70.0,70.0
1 1200.332.01.011.00 2021,,1.0,INTERESES,25000.0,25000.0
1 1200.369.01.934.00 2021,,485.0,OTROS GASTOS FINANCIEROS,10000.0,10000.0
1 1200.369.99.934.00 2021,,486.0,DIFERENCIAS NEGATIVAS EN CAJA,100.0,100.0
1 1200.860.01.931.10 2021,,467.0,CONSTITUC.FIANZAS A CORTO PLAZO,100.0,100.0
1 1200.860.02.931.10 2021,,468.0,CONSTITUC.FIANZAS A LARGO PLAZO,100.0,100.0
1 1200.933.01.011.00 2021,,2.0,FUERA SECTOR PUBLICO,710000.0,710000.0
#TOTAL,,,,38471119.39,38471119.39
